clade_name	DRR062246	DRR062229	DRR062228	DRR062259	DRR062220	DRR062245	DRR062256	DRR062249	DRR062240	DRR062222
k__Bacteria	1.025138	1.067789	1.041984	1.000140	0.958494	1.043243	1.052371	1.081527	1.024970	1.055286
k__Bacteria|p__Actinobacteriota	0.294123	0.290333	0.300502	0.300005	0.345642	0.300871	0.323138	0.268018	0.312735	0.268733
k__Bacteria|p__Bacteroidota	0.286337	0.326891	0.361727	0.289794	0.301588	0.328910	0.313958	0.274465	0.304682	0.268395
k__Bacteria|p__Campilobacterota	0.044671	0.035899	0.041643	0.054794	0.047316	0.046708	0.040926	0.034784	0.043536	0.044485
k__Bacteria|p__Desulfobacterota	0.175761	0.129353	0.133859	0.201730	0.122405	0.162069	0.144462	0.142627	0.160156	0.177583
k__Bacteria|p__Firmicutes	0.922751	0.825331	0.803547	0.959693	0.887173	0.879175	0.851911	0.927851	0.919850	0.947651
k__Bacteria|p__Fusobacteriota	0.072385	0.072139	0.077559	0.074065	0.076013	0.074945	0.071853	0.055939	0.064171	0.066952
k__Bacteria|p__Proteobacteria	0.088151	0.074450	0.079540	0.106627	0.076447	0.091573	0.068337	0.063400	0.075350	0.089289
k__Bacteria|p__Actinobacteriota|c__Actinobacteria	0.348072	0.373763	0.381082	0.330283	0.426172	0.354851	0.401709	0.311251	0.369217	0.290910
k__Bacteria|p__Firmicutes|c__Bacilli	0.279814	0.312800	0.326867	0.264598	0.277971	0.289478	0.280654	0.258292	0.281970	0.260863
k__Bacteria|p__Bacteroidota|c__Bacteroidia	0.364380	0.369837	0.392444	0.350352	0.372417	0.393525	0.400207	0.338490	0.361123	0.344586
k__Bacteria|p__Campilobacterota|c__Campylobacteria	0.051148	0.053324	0.063451	0.059948	0.074002	0.064270	0.058205	0.041423	0.054316	0.049912
k__Bacteria|p__Firmicutes|c__Clostridia	0.864295	0.649487	0.663825	0.953110	0.752084	0.827986	0.792442	0.798108	0.808995	0.832280
k__Bacteria|p__Actinobacteriota|c__Coriobacteriia	0.099328	0.085221	0.094518	0.109380	0.090619	0.099672	0.099671	0.085469	0.100994	0.094263
k__Bacteria|p__Desulfobacterota|c__Desulfovibrionia	0.074443	0.067984	0.075253	0.081054	0.082604	0.073192	0.065528	0.055763	0.068867	0.071553
k__Bacteria|p__Fusobacteriota|c__Fusobacteriia	0.045468	0.040455	0.046266	0.052942	0.052413	0.050671	0.047698	0.035282	0.045539	0.041836
k__Bacteria|p__Proteobacteria|c__Gammaproteobacteria	0.106201	0.089867	0.107575	0.128143	0.099830	0.122859	0.087611	0.074577	0.091796	0.096328
k__Bacteria|p__Firmicutes|c__Negativicutes	0.091191	0.073394	0.078560	0.104129	0.075419	0.094998	0.081450	0.077433	0.090570	0.093925
k__Bacteria|p__Firmicutes|c__Negativicutes|o__Acidaminococcales	0.052931	0.048777	0.054534	0.063618	0.043046	0.058763	0.045868	0.039977	0.048903	0.053702
k__Bacteria|p__Actinobacteriota|c__Actinobacteria|o__Actinomycetales	0.047654	0.041056	0.047564	0.056260	0.044045	0.052914	0.041525	0.036451	0.045488	0.044730
k__Bacteria|p__Bacteroidota|c__Bacteroidia|o__Bacteroidales	0.283440	0.321350	0.352457	0.282234	0.318377	0.339012	0.324974	0.295591	0.313761	0.293727
k__Bacteria|p__Actinobacteriota|c__Actinobacteria|o__Bifidobacteriales	0.319267	0.331631	0.357957	0.323671	0.403374	0.299769	0.345071	0.297392	0.340510	0.276770
k__Bacteria|p__Proteobacteria|c__Gammaproteobacteria|o__Burkholderiales	0.057110	0.047769	0.056312	0.065150	0.063290	0.059707	0.047681	0.037852	0.051775	0.047069
k__Bacteria|p__Campilobacterota|c__Campylobacteria|o__Campylobacterales	0.052428	0.049211	0.058851	0.062264	0.054917	0.061513	0.053929	0.044521	0.051347	0.055485
k__Bacteria|p__Firmicutes|c__Clostridia|o__Clostridiales	0.038527	0.031068	0.036733	0.041622	0.046147	0.039614	0.031391	0.025093	0.035119	0.031964
k__Bacteria|p__Actinobacteriota|c__Coriobacteriia|o__Coriobacteriales	0.074718	0.056661	0.063084	0.081711	0.065733	0.069143	0.056267	0.049806	0.064348	0.060771
k__Bacteria|p__Actinobacteriota|c__Actinobacteria|o__Corynebacteriales	0.152347	0.139322	0.154151	0.164620	0.172086	0.155193	0.159919	0.121958	0.155567	0.126151
k__Bacteria|p__Desulfobacterota|c__Desulfovibrionia|o__Desulfovibrionales	0.066828	0.059443	0.067630	0.076656	0.064578	0.072681	0.064633	0.054003	0.066917	0.063254
k__Bacteria|p__Proteobacteria|c__Gammaproteobacteria|o__Enterobacterales	0.100788	0.081877	0.081905	0.115603	0.080216	0.109121	0.069914	0.071642	0.088951	0.108605
k__Bacteria|p__Firmicutes|c__Bacilli|o__Erysipelotrichales	0.138558	0.111326	0.119928	0.155042	0.118360	0.130363	0.113362	0.109257	0.121310	0.131329
k__Bacteria|p__Fusobacteriota|c__Fusobacteriia|o__Fusobacteriales	0.038328	0.031532	0.038003	0.050432	0.042633	0.041845	0.033392	0.028092	0.038252	0.035272
k__Bacteria|p__Firmicutes|c__Clostridia|o__Lachnospirales	0.612355	0.432718	0.443458	0.668687	0.482773	0.513770	0.541187	0.543753	0.582982	0.542014
k__Bacteria|p__Firmicutes|c__Bacilli|o__Lactobacillales	0.197665	0.220207	0.234655	0.201200	0.201049	0.229114	0.201654	0.182540	0.197643	0.199464
k__Bacteria|p__Actinobacteriota|c__Actinobacteria|o__Micrococcales	0.059247	0.046456	0.053058	0.066953	0.062857	0.057254	0.049977	0.039719	0.054673	0.046383
k__Bacteria|p__Firmicutes|c__Clostridia|o__Monoglobales	0.028550	0.028262	0.032010	0.033681	0.034753	0.031410	0.028590	0.022640	0.030261	0.028093
k__Bacteria|p__Firmicutes|c__Clostridia|o__Oscillospirales	0.410602	0.389584	0.389605	0.460191	0.340073	0.437004	0.384473	0.449008	0.448766	0.475493
k__Bacteria|p__Proteobacteria|c__Gammaproteobacteria|o__Pasteurellales	0.080276	0.055221	0.061829	0.083105	0.071196	0.070663	0.064257	0.054258	0.066798	0.065674
k__Bacteria|p__Firmicutes|c__Clostridia|o__Peptostreptococcales-Tissierellales	0.110680	0.086941	0.091440	0.127227	0.098242	0.111862	0.097910	0.090135	0.105369	0.102279
k__Bacteria|p__Firmicutes|c__Bacilli|o__Staphylococcales	0.046158	0.036207	0.039948	0.049614	0.043256	0.046792	0.036537	0.028975	0.041429	0.035534
k__Bacteria|p__Firmicutes|c__Negativicutes|o__Veillonellales-Selenomonadales	0.059062	0.051419	0.056625	0.067222	0.067701	0.057871	0.053102	0.040323	0.054357	0.049024
k__Bacteria|p__Firmicutes|c__Negativicutes|o__Acidaminococcales|f__Acidaminococcaceae	0.066861	0.056636	0.061554	0.076002	0.060385	0.069371	0.052852	0.045603	0.061153	0.059030
k__Bacteria|p__Actinobacteriota|c__Actinobacteria|o__Actinomycetales|f__Actinomycetaceae	0.045314	0.043191	0.048157	0.048740	0.043431	0.049351	0.039692	0.035765	0.044931	0.045084
k__Bacteria|p__Firmicutes|c__Clostridia|o__Peptostreptococcales-Tissierellales|f__Anaerovoracaceae	0.081604	0.083305	0.094066	0.086089	0.088659	0.088730	0.081974	0.066143	0.084471	0.071333
k__Bacteria|p__Actinobacteriota|c__Coriobacteriia|o__Coriobacteriales|f__Atopobiaceae	0.063719	0.050482	0.059141	0.066090	0.064613	0.066737	0.054162	0.043140	0.057518	0.051097
k__Bacteria|p__Bacteroidota|c__Bacteroidia|o__Bacteroidales|f__Bacteroidaceae	0.194625	0.229896	0.261261	0.212316	0.241767	0.223783	0.214426	0.202506	0.214897	0.205021
k__Bacteria|p__Actinobacteriota|c__Actinobacteria|o__Bifidobacteriales|f__Bifidobacteriaceae	0.364969	0.380407	0.368588	0.323786	0.482501	0.348302	0.415299	0.313214	0.378850	0.302460
k__Bacteria|p__Proteobacteria|c__Gammaproteobacteria|o__Burkholderiales|f__Burkholderiaceae	0.077937	0.067494	0.077156	0.085233	0.059709	0.074405	0.063943	0.060470	0.073995	0.069272
k__Bacteria|p__Firmicutes|c__Clostridia|o__Oscillospirales|f__Butyricicoccaceae	0.036727	0.027441	0.031303	0.046009	0.037601	0.036828	0.032502	0.025692	0.033458	0.031997
k__Bacteria|p__Campilobacterota|c__Campylobacteria|o__Campylobacterales|f__Campylobacteraceae	0.057941	0.056766	0.060392	0.063129	0.061763	0.057001	0.056799	0.045417	0.060221	0.048533
k__Bacteria|p__Firmicutes|c__Bacilli|o__Lactobacillales|f__Carnobacteriaceae	0.035385	0.036458	0.040473	0.038050	0.042644	0.040165	0.035548	0.025815	0.034544	0.030774
k__Bacteria|p__Firmicutes|c__Clostridia|o__Clostridiales|f__Clostridiaceae	0.067748	0.066688	0.071297	0.082262	0.054250	0.086522	0.062255	0.060368	0.069135	0.074255
k__Bacteria|p__Actinobacteriota|c__Coriobacteriia|o__Coriobacteriales|f__Coriobacteriaceae	0.071474	0.068522	0.077017	0.076199	0.070795	0.077881	0.066727	0.060855	0.071274	0.066876
k__Bacteria|p__Actinobacteriota|c__Actinobacteria|o__Corynebacteriales|f__Corynebacteriaceae	0.057244	0.052496	0.056443	0.056709	0.065086	0.059272	0.055186	0.043040	0.052928	0.047877
k__Bacteria|p__Desulfobacterota|c__Desulfovibrionia|o__Desulfovibrionales|f__Desulfovibrionaceae	0.075834	0.072999	0.081280	0.086923	0.092543	0.082554	0.077186	0.061174	0.082206	0.070030
k__Bacteria|p__Actinobacteriota|c__Coriobacteriia|o__Coriobacteriales|f__Eggerthellaceae	0.060479	0.047395	0.051326	0.070460	0.058684	0.060261	0.053215	0.048024	0.058500	0.061585
k__Bacteria|p__Proteobacteria|c__Gammaproteobacteria|o__Enterobacterales|f__Enterobacteriaceae	0.112375	0.091439	0.096503	0.112896	0.086099	0.107251	0.089016	0.073018	0.088100	0.098332
k__Bacteria|p__Firmicutes|c__Bacilli|o__Lactobacillales|f__Enterococcaceae	0.114858	0.104054	0.111081	0.121841	0.103825	0.123870	0.095659	0.084601	0.097021	0.113985
k__Bacteria|p__Firmicutes|c__Bacilli|o__Erysipelotrichales|f__Erysipelatoclostridiaceae	0.140729	0.106667	0.115571	0.155446	0.118751	0.134412	0.118269	0.109496	0.128929	0.132962
k__Bacteria|p__Firmicutes|c__Bacilli|o__Erysipelotrichales|f__Erysipelotrichaceae	0.100665	0.095923	0.103188	0.103256	0.092195	0.114524	0.104457	0.089333	0.101371	0.104777
k__Bacteria|p__Fusobacteriota|c__Fusobacteriia|o__Fusobacteriales|f__Fusobacteriaceae	0.084293	0.066121	0.074586	0.096641	0.072014	0.083495	0.074971	0.066307	0.078080	0.075019
k__Bacteria|p__Firmicutes|c__Bacilli|o__Staphylococcales|f__Gemellaceae	0.071662	0.049078	0.054677	0.078086	0.061288	0.060772	0.052460	0.047192	0.061430	0.058494
k__Bacteria|p__Proteobacteria|c__Gammaproteobacteria|o__Enterobacterales|f__Hafniaceae	0.043017	0.042084	0.048913	0.051544	0.045275	0.051753	0.039456	0.034633	0.043571	0.042761
k__Bacteria|p__Firmicutes|c__Clostridia|o__Lachnospirales|f__Lachnospiraceae	0.514476	0.431730	0.423919	0.543483	0.481126	0.481602	0.486446	0.458533	0.468185	0.496376
k__Bacteria|p__Firmicutes|c__Bacilli|o__Lactobacillales|f__Lactobacillaceae	0.067931	0.061234	0.071119	0.067362	0.073952	0.066952	0.071616	0.050976	0.060918	0.053157
k__Bacteria|p__Firmicutes|c__Bacilli|o__Lactobacillales|f__Leuconostocaceae	0.080560	0.071113	0.079318	0.088050	0.085096	0.083994	0.074847	0.061663	0.076204	0.068858
k__Bacteria|p__Bacteroidota|c__Bacteroidia|o__Bacteroidales|f__Marinifilaceae	0.066311	0.067916	0.076688	0.069073	0.063009	0.071414	0.064432	0.055520	0.067513	0.062556
k__Bacteria|p__Actinobacteriota|c__Actinobacteria|o__Micrococcales|f__Micrococcaceae	0.065576	0.061246	0.068725	0.069868	0.074272	0.071548	0.066275	0.052805	0.068425	0.056948
k__Bacteria|p__Firmicutes|c__Clostridia|o__Monoglobales|f__Monoglobaceae	0.039902	0.034720	0.036734	0.046188	0.034094	0.041806	0.031052	0.027772	0.037552	0.036826
k__Bacteria|p__Proteobacteria|c__Gammaproteobacteria|o__Burkholderiales|f__Neisseriaceae	0.048449	0.044193	0.049676	0.059567	0.047181	0.052237	0.041532	0.036702	0.046965	0.044171
k__Bacteria|p__Firmicutes|c__Clostridia|o__Oscillospirales|f__Oscillospiraceae	0.044178	0.037390	0.044271	0.053834	0.042600	0.046336	0.036501	0.029594	0.037880	0.041069
k__Bacteria|p__Proteobacteria|c__Gammaproteobacteria|o__Pasteurellales|f__Pasteurellaceae	0.059464	0.047243	0.054103	0.062883	0.068551	0.056417	0.051452	0.039965	0.056165	0.046610
k__Bacteria|p__Firmicutes|c__Clostridia|o__Peptostreptococcales-Tissierellales|f__Peptostreptococcales-Tissierellales	0.064326	0.054884	0.062520	0.066497	0.056515	0.061470	0.058545	0.046523	0.059415	0.052161
k__Bacteria|p__Bacteroidota|c__Bacteroidia|o__Bacteroidales|f__Prevotellaceae	0.065498	0.051952	0.062060	0.073808	0.065655	0.072353	0.058762	0.046963	0.059204	0.060329
k__Bacteria|p__Bacteroidota|c__Bacteroidia|o__Bacteroidales|f__Rikenellaceae	0.049258	0.054662	0.062726	0.053051	0.051021	0.054260	0.050109	0.040864	0.048681	0.045171
k__Bacteria|p__Firmicutes|c__Clostridia|o__Oscillospirales|f__Ruminococcaceae	0.363570	0.316886	0.325570	0.408062	0.329151	0.397094	0.359154	0.361695	0.365326	0.399986
k__Bacteria|p__Firmicutes|c__Bacilli|o__Staphylococcales|f__Staphylococcaceae	0.054816	0.053644	0.062083	0.066134	0.069804	0.064175	0.052394	0.044978	0.058110	0.054671
k__Bacteria|p__Firmicutes|c__Bacilli|o__Lactobacillales|f__Streptococcaceae	0.227935	0.261216	0.273827	0.239639	0.209054	0.236999	0.229503	0.219036	0.234784	0.225940
k__Bacteria|p__Proteobacteria|c__Gammaproteobacteria|o__Burkholderiales|f__Sutterellaceae	0.066957	0.052368	0.061348	0.078415	0.063107	0.067454	0.063948	0.055074	0.067155	0.061055
k__Bacteria|p__Bacteroidota|c__Bacteroidia|o__Bacteroidales|f__Tannerellaceae	0.082613	0.077571	0.083860	0.092770	0.082091	0.094994	0.080061	0.068907	0.081407	0.083280
k__Bacteria|p__Firmicutes|c__Negativicutes|o__Veillonellales-Selenomonadales|f__Veillonellaceae	0.057125	0.047644	0.056807	0.069096	0.051874	0.054819	0.044332	0.040380	0.054823	0.049268
k__Bacteria|p__Firmicutes|c__Clostridia|o__Oscillospirales|f__[Eubacterium]_coprostanoligenes_group	0.037927	0.032056	0.037776	0.048067	0.038393	0.042548	0.038647	0.029917	0.037719	0.037149
k__Bacteria|p__Firmicutes|c__Negativicutes|o__Acidaminococcales|f__Acidaminococcaceae|g__Acidaminococcus	0.052540	0.051025	0.055610	0.058111	0.058397	0.057540	0.055457	0.042734	0.052597	0.051242
k__Bacteria|p__Actinobacteriota|c__Actinobacteria|o__Actinomycetales|f__Actinomycetaceae|g__Actinomyces	0.055575	0.046789	0.051989	0.057617	0.053587	0.055420	0.049561	0.037542	0.047319	0.045995
k__Bacteria|p__Firmicutes|c__Clostridia|o__Lachnospirales|f__Lachnospiraceae|g__Agathobacter	0.170151	0.164783	0.178582	0.206808	0.175747	0.181719	0.153718	0.159955	0.185247	0.181316
k__Bacteria|p__Bacteroidota|c__Bacteroidia|o__Bacteroidales|f__Rikenellaceae|g__Alistipes	0.032772	0.028478	0.032982	0.034227	0.037927	0.034624	0.029842	0.021765	0.030798	0.024400
k__Bacteria|p__Bacteroidota|c__Bacteroidia|o__Bacteroidales|f__Prevotellaceae|g__Alloprevotella	0.058872	0.055301	0.064141	0.072362	0.066723	0.070841	0.056521	0.049394	0.058156	0.059748
k__Bacteria|p__Firmicutes|c__Clostridia|o__Peptostreptococcales-Tissierellales|f__Peptostreptococcales-Tissierellales|g__Anaerococcus	0.096321	0.087120	0.098018	0.104599	0.115284	0.096621	0.092199	0.073603	0.094861	0.083162
k__Bacteria|p__Firmicutes|c__Clostridia|o__Lachnospirales|f__Lachnospiraceae|g__Anaerosporobacter	0.055708	0.050133	0.058557	0.069833	0.063290	0.059114	0.053329	0.044755	0.058552	0.050049
k__Bacteria|p__Firmicutes|c__Clostridia|o__Lachnospirales|f__Lachnospiraceae|g__Anaerostipes	0.072287	0.061389	0.068193	0.086219	0.078012	0.071832	0.071893	0.057408	0.071374	0.068053
k__Bacteria|p__Actinobacteriota|c__Coriobacteriia|o__Coriobacteriales|f__Atopobiaceae|g__Atopobium	0.109335	0.088009	0.099450	0.113252	0.116870	0.109357	0.101313	0.085819	0.113370	0.088683
k__Bacteria|p__Bacteroidota|c__Bacteroidia|o__Bacteroidales|f__Bacteroidaceae|g__Bacteroides	0.222255	0.222553	0.248423	0.243223	0.209619	0.244564	0.208923	0.203695	0.220546	0.223987
k__Bacteria|p__Actinobacteriota|c__Actinobacteria|o__Bifidobacteriales|f__Bifidobacteriaceae|g__Bifidobacterium	0.322395	0.345827	0.357863	0.309049	0.447880	0.315865	0.371967	0.284772	0.356250	0.275928
k__Bacteria|p__Firmicutes|c__Clostridia|o__Lachnospirales|f__Lachnospiraceae|g__Blautia	0.325105	0.247168	0.248998	0.344071	0.312735	0.288880	0.284519	0.261062	0.295633	0.287816
k__Bacteria|p__Firmicutes|c__Clostridia|o__Oscillospirales|f__Butyricicoccaceae|g__Butyricicoccus	0.040027	0.036498	0.042796	0.043478	0.046459	0.040529	0.036929	0.028259	0.040696	0.031552
k__Bacteria|p__Bacteroidota|c__Bacteroidia|o__Bacteroidales|f__Marinifilaceae|g__Butyricimonas	0.050774	0.040325	0.042735	0.057417	0.039262	0.048562	0.041710	0.036573	0.046140	0.043895
k__Bacteria|p__Firmicutes|c__Clostridia|o__Lachnospirales|f__Lachnospiraceae|g__CAG-56	0.086330	0.076878	0.087398	0.102834	0.091809	0.101615	0.078206	0.071420	0.088498	0.087257
k__Bacteria|p__Campilobacterota|c__Campylobacteria|o__Campylobacterales|f__Campylobacteraceae|g__Campylobacter	0.048225	0.047240	0.054417	0.057544	0.047088	0.054534	0.044677	0.040349	0.045043	0.048175
k__Bacteria|p__Firmicutes|c__Bacilli|o__Erysipelotrichales|f__Erysipelatoclostridiaceae|g__Catenibacterium	0.058633	0.070815	0.079337	0.065590	0.053367	0.077656	0.056814	0.054092	0.062569	0.062409
k__Bacteria|p__Firmicutes|c__Clostridia|o__Clostridiales|f__Clostridiaceae|g__Clostridium_sensu_stricto_1	0.039864	0.034463	0.039474	0.046627	0.040778	0.043677	0.036201	0.030598	0.040143	0.037948
k__Bacteria|p__Firmicutes|c__Clostridia|o__Oscillospirales|f__Oscillospiraceae|g__Colidextribacter	0.041648	0.031646	0.033407	0.042400	0.032248	0.041262	0.034329	0.027142	0.033353	0.036337
k__Bacteria|p__Actinobacteriota|c__Coriobacteriia|o__Coriobacteriales|f__Coriobacteriaceae|g__Collinsella	0.072571	0.063674	0.071551	0.077321	0.067018	0.074874	0.068554	0.061029	0.070917	0.065958
k__Bacteria|p__Firmicutes|c__Bacilli|o__Erysipelotrichales|f__Erysipelatoclostridiaceae|g__Coprobacillus	0.090133	0.076362	0.085566	0.111496	0.098602	0.094172	0.078427	0.071307	0.086963	0.087675
k__Bacteria|p__Actinobacteriota|c__Actinobacteria|o__Corynebacteriales|f__Corynebacteriaceae|g__Corynebacterium	0.072223	0.074438	0.087054	0.077176	0.092447	0.080472	0.072233	0.057871	0.073645	0.061644
k__Bacteria|p__Desulfobacterota|c__Desulfovibrionia|o__Desulfovibrionales|f__Desulfovibrionaceae|g__Desulfovibrio	0.086351	0.071708	0.080102	0.086564	0.088828	0.083706	0.078082	0.057478	0.078474	0.061027
k__Bacteria|p__Firmicutes|c__Negativicutes|o__Veillonellales-Selenomonadales|f__Veillonellaceae|g__Dialister	0.037015	0.030244	0.036265	0.043401	0.034334	0.036806	0.030651	0.026661	0.033538	0.031752
k__Bacteria|p__Firmicutes|c__Clostridia|o__Lachnospirales|f__Lachnospiraceae|g__Dorea	0.036415	0.034069	0.042058	0.048190	0.045187	0.045059	0.038870	0.029363	0.036505	0.036219
k__Bacteria|p__Proteobacteria|c__Gammaproteobacteria|o__Enterobacterales|f__Hafniaceae|g__Edwardsiella	0.044096	0.032938	0.039182	0.051209	0.038796	0.043428	0.037444	0.030782	0.039190	0.037899
k__Bacteria|p__Actinobacteriota|c__Coriobacteriia|o__Coriobacteriales|f__Eggerthellaceae|g__Eggerthella	0.035524	0.033330	0.039327	0.041968	0.038217	0.040244	0.035344	0.027294	0.038482	0.030004
k__Bacteria|p__Firmicutes|c__Clostridia|o__Lachnospirales|f__Lachnospiraceae|g__Eisenbergiella	0.128522	0.120600	0.123563	0.137614	0.113426	0.147772	0.119807	0.117565	0.132735	0.136522
k__Bacteria|p__Firmicutes|c__Bacilli|o__Lactobacillales|f__Enterococcaceae|g__Enterococcus	0.092712	0.080762	0.090875	0.101007	0.080564	0.108527	0.076692	0.070399	0.079148	0.097252
k__Bacteria|p__Firmicutes|c__Clostridia|o__Lachnospirales|f__Lachnospiraceae|g__Epulopiscium	0.070000	0.063842	0.070477	0.071953	0.079909	0.076392	0.078142	0.055082	0.068153	0.060205
k__Bacteria|p__Firmicutes|c__Bacilli|o__Erysipelotrichales|f__Erysipelatoclostridiaceae|g__Erysipelatoclostridium	0.092895	0.065392	0.071527	0.107052	0.081302	0.093597	0.073416	0.067924	0.083939	0.089347
k__Bacteria|p__Firmicutes|c__Bacilli|o__Erysipelotrichales|f__Erysipelatoclostridiaceae|g__Erysipelotrichaceae_UCG-003	0.065265	0.053521	0.059823	0.076689	0.062927	0.063630	0.063861	0.052257	0.064024	0.061077
k__Bacteria|p__Proteobacteria|c__Gammaproteobacteria|o__Enterobacterales|f__Enterobacteriaceae|g__Escherichia-Shigella	0.035066	0.034128	0.039935	0.039027	0.043751	0.039085	0.037609	0.026563	0.035794	0.030499
k__Bacteria|p__Firmicutes|c__Clostridia|o__Oscillospirales|f__Ruminococcaceae|g__Faecalibacterium	0.300950	0.282507	0.296423	0.364973	0.265578	0.365486	0.298092	0.331485	0.322285	0.366528
k__Bacteria|p__Firmicutes|c__Bacilli|o__Erysipelotrichales|f__Erysipelotrichaceae|g__Faecalitalea	0.037694	0.032261	0.036492	0.045008	0.029931	0.040371	0.033739	0.028765	0.034673	0.038688
k__Bacteria|p__Firmicutes|c__Clostridia|o__Peptostreptococcales-Tissierellales|f__Anaerovoracaceae|g__Family_XIII_AD3011_group	0.084176	0.066067	0.068405	0.092205	0.072025	0.074550	0.070777	0.064999	0.074743	0.081328
k__Bacteria|p__Firmicutes|c__Clostridia|o__Oscillospirales|f__Oscillospiraceae|g__Flavonifractor	0.046441	0.035958	0.042003	0.053926	0.041010	0.048455	0.034959	0.030138	0.043081	0.039275
k__Bacteria|p__Firmicutes|c__Clostridia|o__Oscillospirales|f__Ruminococcaceae|g__Fournierella	0.033242	0.028030	0.031817	0.040937	0.037574	0.037974	0.032749	0.024911	0.032843	0.031460
k__Bacteria|p__Firmicutes|c__Clostridia|o__Lachnospirales|f__Lachnospiraceae|g__Frisingicoccus	0.053596	0.047486	0.052165	0.062863	0.046798	0.056429	0.045126	0.039986	0.048537	0.052024
k__Bacteria|p__Firmicutes|c__Clostridia|o__Lachnospirales|f__Lachnospiraceae|g__Fusicatenibacter	0.251045	0.190915	0.201748	0.275777	0.228146	0.211204	0.182024	0.179153	0.221389	0.199602
k__Bacteria|p__Fusobacteriota|c__Fusobacteriia|o__Fusobacteriales|f__Fusobacteriaceae|g__Fusobacterium	0.082112	0.053715	0.056587	0.108927	0.062962	0.077163	0.060557	0.055535	0.071889	0.075415
k__Bacteria|p__Firmicutes|c__Bacilli|o__Staphylococcales|f__Gemellaceae|g__Gemella	0.046738	0.052345	0.061300	0.047815	0.059500	0.050556	0.045305	0.036470	0.045876	0.040189
k__Bacteria|p__Firmicutes|c__Bacilli|o__Lactobacillales|f__Carnobacteriaceae|g__Granulicatella	0.056815	0.047333	0.054591	0.069312	0.059058	0.057957	0.051486	0.041630	0.055817	0.048715
k__Bacteria|p__Firmicutes|c__Bacilli|o__Erysipelotrichales|f__Erysipelotrichaceae|g__Holdemanella	0.198907	0.141558	0.155632	0.217791	0.147999	0.191935	0.162553	0.161935	0.182559	0.192968
k__Bacteria|p__Firmicutes|c__Clostridia|o__Lachnospirales|f__Lachnospiraceae|g__Hungatella	0.043669	0.039817	0.045448	0.047442	0.045449	0.046543	0.040697	0.033623	0.041029	0.040455
k__Bacteria|p__Firmicutes|c__Clostridia|o__Oscillospirales|f__Ruminococcaceae|g__Incertae_Sedis	0.041788	0.030580	0.033944	0.052137	0.035082	0.040300	0.033390	0.028447	0.037164	0.036743
k__Bacteria|p__Proteobacteria|c__Gammaproteobacteria|o__Enterobacterales|f__Enterobacteriaceae|g__Klebsiella	0.137275	0.097813	0.111495	0.157892	0.127404	0.135219	0.110652	0.097842	0.120940	0.121502
k__Bacteria|p__Firmicutes|c__Clostridia|o__Lachnospirales|f__Lachnospiraceae|g__Lachnoclostridium	0.072040	0.047601	0.053809	0.085219	0.054732	0.061749	0.052273	0.046535	0.060437	0.062890
k__Bacteria|p__Firmicutes|c__Clostridia|o__Lachnospirales|f__Lachnospiraceae|g__Lachnospira	0.035534	0.029083	0.032172	0.039410	0.034594	0.034586	0.031821	0.025044	0.033228	0.029753
k__Bacteria|p__Firmicutes|c__Clostridia|o__Lachnospirales|f__Lachnospiraceae|g__Lachnospiraceae	0.057251	0.065866	0.072271	0.067132	0.051327	0.072958	0.057290	0.054660	0.060704	0.064753
k__Bacteria|p__Firmicutes|c__Clostridia|o__Lachnospirales|f__Lachnospiraceae|g__Lachnospiraceae_ND3007_group	0.065755	0.043833	0.051082	0.074752	0.058564	0.057019	0.051667	0.043710	0.057528	0.051381
k__Bacteria|p__Firmicutes|c__Clostridia|o__Lachnospirales|f__Lachnospiraceae|g__Lachnospiraceae_NK4A136_group	0.037409	0.033771	0.039134	0.039719	0.048421	0.039423	0.037806	0.025179	0.035468	0.028219
k__Bacteria|p__Firmicutes|c__Bacilli|o__Lactobacillales|f__Lactobacillaceae|g__Lactobacillus	0.062679	0.046875	0.051877	0.066292	0.062007	0.055537	0.054235	0.037201	0.048278	0.048105
k__Bacteria|p__Firmicutes|c__Bacilli|o__Lactobacillales|f__Streptococcaceae|g__Lactococcus	0.052682	0.042516	0.047392	0.061851	0.045973	0.051941	0.046819	0.039077	0.046546	0.050301
k__Bacteria|p__Proteobacteria|c__Gammaproteobacteria|o__Burkholderiales|f__Burkholderiaceae|g__Lautropia	0.051715	0.044711	0.054112	0.060986	0.059184	0.049348	0.046030	0.039876	0.053009	0.044487
k__Bacteria|p__Firmicutes|c__Bacilli|o__Lactobacillales|f__Leuconostocaceae|g__Leuconostoc	0.059630	0.045151	0.050523	0.069843	0.048682	0.058944	0.046764	0.043485	0.055477	0.057323
k__Bacteria|p__Firmicutes|c__Negativicutes|o__Veillonellales-Selenomonadales|f__Veillonellaceae|g__Megasphaera	0.126222	0.100363	0.113290	0.133238	0.105003	0.116815	0.100946	0.086031	0.104036	0.100384
k__Bacteria|p__Firmicutes|c__Clostridia|o__Monoglobales|f__Monoglobaceae|g__Monoglobus	0.044050	0.030481	0.034080	0.051882	0.040095	0.044496	0.037234	0.029998	0.038472	0.042580
k__Bacteria|p__Firmicutes|c__Clostridia|o__Oscillospirales|f__Ruminococcaceae|g__Negativibacillus	0.033089	0.026697	0.032057	0.037569	0.030489	0.033917	0.026562	0.020801	0.028244	0.028897
k__Bacteria|p__Proteobacteria|c__Gammaproteobacteria|o__Burkholderiales|f__Neisseriaceae|g__Neisseria	0.043090	0.031915	0.034153	0.049052	0.036564	0.041177	0.034606	0.029064	0.038498	0.040107
k__Bacteria|p__Firmicutes|c__Clostridia|o__Lachnospirales|f__Lachnospiraceae|g__Oribacterium	0.045715	0.035780	0.038524	0.048259	0.037841	0.044973	0.039159	0.031403	0.038873	0.041931
k__Bacteria|p__Firmicutes|c__Clostridia|o__Oscillospirales|f__Oscillospiraceae|g__Oscillibacter	0.064794	0.051126	0.055141	0.078560	0.059646	0.067062	0.054333	0.049210	0.060352	0.063279
k__Bacteria|p__Bacteroidota|c__Bacteroidia|o__Bacteroidales|f__Tannerellaceae|g__Parabacteroides	0.087427	0.088028	0.096056	0.097776	0.087433	0.095544	0.092479	0.082630	0.092474	0.090444
k__Bacteria|p__Proteobacteria|c__Gammaproteobacteria|o__Burkholderiales|f__Sutterellaceae|g__Parasutterella	0.039346	0.030509	0.034372	0.048888	0.038618	0.042641	0.032274	0.027500	0.036631	0.035883
k__Bacteria|p__Firmicutes|c__Bacilli|o__Lactobacillales|f__Lactobacillaceae|g__Pediococcus	0.055647	0.051215	0.058399	0.057847	0.059658	0.057905	0.055000	0.041117	0.053518	0.044947
k__Bacteria|p__Firmicutes|c__Negativicutes|o__Acidaminococcales|f__Acidaminococcaceae|g__Phascolarctobacterium	0.070542	0.053895	0.066938	0.089059	0.065205	0.073753	0.060524	0.054054	0.066662	0.069006
k__Bacteria|p__Bacteroidota|c__Bacteroidia|o__Bacteroidales|f__Prevotellaceae|g__Prevotella	0.052805	0.049604	0.057278	0.061667	0.043944	0.059691	0.046226	0.040720	0.047871	0.051818
k__Bacteria|p__Firmicutes|c__Clostridia|o__Lachnospirales|f__Lachnospiraceae|g__Roseburia	0.070137	0.069788	0.079136	0.075790	0.082381	0.072936	0.073709	0.053278	0.067150	0.057143
k__Bacteria|p__Actinobacteriota|c__Actinobacteria|o__Micrococcales|f__Micrococcaceae|g__Rothia	0.064434	0.046459	0.054326	0.069368	0.053320	0.057028	0.047905	0.042444	0.058360	0.052351
k__Bacteria|p__Firmicutes|c__Clostridia|o__Oscillospirales|f__Ruminococcaceae|g__Ruminococcus	0.123901	0.118159	0.122553	0.123509	0.112498	0.130999	0.122383	0.102769	0.123447	0.106422
k__Bacteria|p__Firmicutes|c__Clostridia|o__Lachnospirales|f__Lachnospiraceae|g__Sellimonas	0.055582	0.040931	0.044688	0.060427	0.049558	0.056385	0.049125	0.040086	0.051162	0.047758
k__Bacteria|p__Actinobacteriota|c__Coriobacteriia|o__Coriobacteriales|f__Eggerthellaceae|g__Senegalimassilia	0.031641	0.027016	0.031007	0.039683	0.029486	0.035230	0.025318	0.022323	0.029721	0.029793
k__Bacteria|p__Firmicutes|c__Bacilli|o__Staphylococcales|f__Staphylococcaceae|g__Staphylococcus	0.068294	0.068970	0.073883	0.069426	0.079835	0.076249	0.071944	0.055556	0.072218	0.061314
k__Bacteria|p__Firmicutes|c__Bacilli|o__Lactobacillales|f__Streptococcaceae|g__Streptococcus	0.185787	0.238373	0.260896	0.178417	0.198610	0.218481	0.199391	0.180064	0.197278	0.172473
k__Bacteria|p__Firmicutes|c__Clostridia|o__Oscillospirales|f__Ruminococcaceae|g__Subdoligranulum	0.130498	0.088506	0.096429	0.145710	0.087415	0.121306	0.089826	0.097836	0.112953	0.129314
k__Bacteria|p__Proteobacteria|c__Gammaproteobacteria|o__Burkholderiales|f__Sutterellaceae|g__Sutterella	0.032636	0.027111	0.034321	0.041495	0.030648	0.035365	0.027575	0.023665	0.030857	0.028944
k__Bacteria|p__Firmicutes|c__Clostridia|o__Lachnospirales|f__Lachnospiraceae|g__Tyzzerella	0.031040	0.028501	0.035806	0.035376	0.039502	0.036607	0.032488	0.024759	0.032864	0.027902
k__Bacteria|p__Firmicutes|c__Clostridia|o__Oscillospirales|f__Ruminococcaceae|g__UBA1819	0.047553	0.036316	0.043752	0.056335	0.041312	0.047551	0.040685	0.033803	0.043463	0.042634
k__Bacteria|p__Firmicutes|c__Clostridia|o__Oscillospirales|f__Oscillospiraceae|g__UCG-002	0.036640	0.024086	0.028816	0.047420	0.034983	0.036296	0.025962	0.021683	0.030661	0.030391
k__Bacteria|p__Firmicutes|c__Negativicutes|o__Veillonellales-Selenomonadales|f__Veillonellaceae|g__Veillonella	0.067266	0.063952	0.065992	0.071966	0.065300	0.071625	0.060210	0.049527	0.064378	0.059407
k__Bacteria|p__Firmicutes|c__Bacilli|o__Lactobacillales|f__Leuconostocaceae|g__Weissella	0.089819	0.075138	0.086910	0.097949	0.076012	0.091215	0.078764	0.065363	0.080287	0.075007
k__Bacteria|p__Firmicutes|c__Bacilli|o__Erysipelotrichales|f__Erysipelotrichaceae|g__[Clostridium]_innocuum_group	0.066374	0.050350	0.056137	0.075014	0.058271	0.064782	0.054776	0.044131	0.058752	0.053805
k__Bacteria|p__Firmicutes|c__Clostridia|o__Oscillospirales|f__[Eubacterium]_coprostanoligenes_group|g__[Eubacterium]_coprostanoligenes_group	0.035999	0.029612	0.033465	0.042592	0.036610	0.040673	0.031248	0.025445	0.032830	0.032979
k__Bacteria|p__Firmicutes|c__Clostridia|o__Lachnospirales|f__Lachnospiraceae|g__[Eubacterium]_eligens_group	0.040155	0.040456	0.044692	0.047740	0.035167	0.045385	0.037569	0.033764	0.041016	0.042589
k__Bacteria|p__Firmicutes|c__Clostridia|o__Lachnospirales|f__Lachnospiraceae|g__[Eubacterium]_hallii_group	0.043115	0.047862	0.057245	0.051652	0.044199	0.052377	0.043844	0.037476	0.044447	0.045346
k__Bacteria|p__Firmicutes|c__Clostridia|o__Peptostreptococcales-Tissierellales|f__Anaerovoracaceae|g__[Eubacterium]_nodatum_group	0.081327	0.067766	0.078436	0.080036	0.072764	0.080533	0.075265	0.057932	0.071294	0.065608
k__Bacteria|p__Firmicutes|c__Clostridia|o__Oscillospirales|f__Ruminococcaceae|g__[Eubacterium]_siraeum_group	0.091566	0.081192	0.095404	0.109403	0.095157	0.105800	0.086798	0.080512	0.092021	0.091635
k__Bacteria|p__Firmicutes|c__Clostridia|o__Lachnospirales|f__Lachnospiraceae|g__[Eubacterium]_ventriosum_group	0.051517	0.056421	0.062962	0.061939	0.060221	0.061749	0.056232	0.045328	0.054361	0.051498
k__Bacteria|p__Firmicutes|c__Clostridia|o__Lachnospirales|f__Lachnospiraceae|g__[Ruminococcus]_gauvreauii_group	0.053278	0.047865	0.056621	0.062246	0.049476	0.061719	0.045134	0.041858	0.049070	0.053837
k__Bacteria|p__Firmicutes|c__Clostridia|o__Lachnospirales|f__Lachnospiraceae|g__[Ruminococcus]_gnavus_group	0.070882	0.064686	0.075211	0.074771	0.077147	0.076813	0.063078	0.045681	0.064396	0.058661
k__Bacteria|p__Firmicutes|c__Clostridia|o__Lachnospirales|f__Lachnospiraceae|g__[Ruminococcus]_torques_group	0.063888	0.047220	0.051753	0.077018	0.059370	0.061427	0.050941	0.044934	0.058761	0.058490
k__Bacteria|p__Firmicutes|c__Clostridia|o__Lachnospirales|f__Lachnospiraceae|g__uncultured	0.049488	0.049354	0.057623	0.054955	0.045342	0.056839	0.048028	0.041836	0.047508	0.050042
k__Bacteria|p__Firmicutes|c__Bacilli|o__Erysipelotrichales|f__Erysipelotrichaceae|g__Faecalitalea|s__Absiella_argi	0.067912	0.063474	0.070404	0.072712	0.070239	0.072224	0.065321	0.056614	0.068918	0.065993
k__Bacteria|p__Firmicutes|c__Negativicutes|o__Acidaminococcales|f__Acidaminococcaceae|g__Acidaminococcus|s__Acidaminococcus_fermentans	0.087469	0.084946	0.100713	0.102648	0.086471	0.098111	0.082588	0.078671	0.088398	0.087199
k__Bacteria|p__Actinobacteriota|c__Actinobacteria|o__Actinomycetales|f__Actinomycetaceae|g__Actinomyces|s__Actinomyces_graevenitzii	0.091701	0.074551	0.077759	0.095434	0.070788	0.088067	0.077802	0.064350	0.081804	0.080311
k__Bacteria|p__Bacteroidota|c__Bacteroidia|o__Bacteroidales|f__Rikenellaceae|g__Alistipes|s__Alistipes_onderdonkii	0.048905	0.042354	0.046272	0.054813	0.053327	0.054160	0.048789	0.034596	0.047919	0.043133
k__Bacteria|p__Bacteroidota|c__Bacteroidia|o__Bacteroidales|f__Prevotellaceae|g__Alloprevotella|s__Alloprevotella_tannerae	0.076848	0.067326	0.074316	0.088583	0.083677	0.083079	0.073469	0.063885	0.074280	0.075259
k__Bacteria|p__Firmicutes|c__Clostridia|o__Lachnospirales|f__Lachnospiraceae|g__Anaerostipes|s__Anaerostipes_butyraticus	0.082361	0.077175	0.089086	0.092617	0.088985	0.094177	0.078773	0.064813	0.080340	0.078790
k__Bacteria|p__Firmicutes|c__Clostridia|o__Lachnospirales|f__Lachnospiraceae|g__Anaerostipes|s__Anaerostipes_hadrus	0.052849	0.041632	0.047840	0.061457	0.055203	0.056656	0.048382	0.039411	0.051096	0.048251
k__Bacteria|p__Firmicutes|c__Clostridia|o__Lachnospirales|f__Lachnospiraceae|g__Tyzzerella|s__Anaerotignum_lactatifermentans	0.066342	0.061388	0.072867	0.072771	0.071334	0.070974	0.061281	0.054755	0.071015	0.061923
k__Bacteria|p__Bacteroidota|c__Bacteroidia|o__Bacteroidales|f__Bacteroidaceae|g__Bacteroides|s__Bacteroides_caccae	0.054358	0.043108	0.047831	0.064643	0.042973	0.057249	0.045850	0.041019	0.049700	0.053027
k__Bacteria|p__Bacteroidota|c__Bacteroidia|o__Bacteroidales|f__Bacteroidaceae|g__Bacteroides|s__Bacteroides_cellulosilyticus	0.054706	0.046422	0.054038	0.058253	0.047000	0.056830	0.045033	0.038648	0.051361	0.047722
k__Bacteria|p__Bacteroidota|c__Bacteroidia|o__Bacteroidales|f__Bacteroidaceae|g__Bacteroides|s__Bacteroides_clarus	0.037806	0.027380	0.031629	0.046151	0.037593	0.039182	0.032536	0.025916	0.033071	0.032330
k__Bacteria|p__Bacteroidota|c__Bacteroidia|o__Bacteroidales|f__Bacteroidaceae|g__Bacteroides|s__Bacteroides_coprocola	0.043022	0.034748	0.041704	0.051649	0.047829	0.044075	0.038825	0.031618	0.041907	0.036851
k__Bacteria|p__Bacteroidota|c__Bacteroidia|o__Bacteroidales|f__Bacteroidaceae|g__Bacteroides|s__Bacteroides_dorei	0.118233	0.126860	0.147519	0.125086	0.127236	0.141561	0.135636	0.111738	0.126193	0.112412
k__Bacteria|p__Bacteroidota|c__Bacteroidia|o__Bacteroidales|f__Bacteroidaceae|g__Bacteroides|s__Bacteroides_eggerthii	0.078308	0.075030	0.085226	0.083531	0.088274	0.089175	0.080740	0.067595	0.086588	0.066014
k__Bacteria|p__Bacteroidota|c__Bacteroidia|o__Bacteroidales|f__Bacteroidaceae|g__Bacteroides|s__Bacteroides_finegoldii	0.043116	0.045285	0.049790	0.046793	0.042165	0.046741	0.039392	0.032384	0.041521	0.040484
k__Bacteria|p__Bacteroidota|c__Bacteroidia|o__Bacteroidales|f__Bacteroidaceae|g__Bacteroides|s__Bacteroides_fragilis	0.038870	0.031387	0.037090	0.045628	0.041312	0.042847	0.034457	0.028159	0.038762	0.034313
k__Bacteria|p__Bacteroidota|c__Bacteroidia|o__Bacteroidales|f__Bacteroidaceae|g__Bacteroides|s__Bacteroides_massiliensis	0.048375	0.045097	0.050499	0.046688	0.041859	0.048299	0.045115	0.036973	0.045527	0.043237
k__Bacteria|p__Bacteroidota|c__Bacteroidia|o__Bacteroidales|f__Bacteroidaceae|g__Bacteroides|s__Bacteroides_nordii	0.090373	0.076341	0.086444	0.102749	0.076503	0.092333	0.077089	0.075365	0.087541	0.084756
k__Bacteria|p__Bacteroidota|c__Bacteroidia|o__Bacteroidales|f__Bacteroidaceae|g__Bacteroides|s__Bacteroides_ovatus	0.047501	0.043447	0.047148	0.046233	0.041232	0.046739	0.041827	0.034413	0.041899	0.043564
k__Bacteria|p__Bacteroidota|c__Bacteroidia|o__Bacteroidales|f__Bacteroidaceae|g__Bacteroides|s__Bacteroides_plebeius	0.081716	0.080136	0.086690	0.089317	0.071635	0.089229	0.071393	0.067073	0.079478	0.083249
k__Bacteria|p__Bacteroidota|c__Bacteroidia|o__Bacteroidales|f__Bacteroidaceae|g__Bacteroides|s__Bacteroides_stercoris	0.049659	0.034355	0.039037	0.061173	0.047240	0.044431	0.035847	0.031438	0.044205	0.039734
k__Bacteria|p__Bacteroidota|c__Bacteroidia|o__Bacteroidales|f__Bacteroidaceae|g__Bacteroides|s__Bacteroides_thetaiotaomicron	0.041066	0.035298	0.039704	0.046684	0.041364	0.037531	0.035435	0.028450	0.038482	0.033358
k__Bacteria|p__Bacteroidota|c__Bacteroidia|o__Bacteroidales|f__Bacteroidaceae|g__Bacteroides|s__Bacteroides_uniformis	0.072430	0.058606	0.071202	0.090542	0.071829	0.080393	0.064033	0.056663	0.067864	0.072083
k__Bacteria|p__Bacteroidota|c__Bacteroidia|o__Bacteroidales|f__Bacteroidaceae|g__Bacteroides|s__Bacteroides_vulgatus	0.100399	0.075599	0.082265	0.104456	0.084703	0.092413	0.075636	0.069690	0.083790	0.085752
k__Bacteria|p__Firmicutes|c__Negativicutes|o__Veillonellales-Selenomonadales|f__Veillonellaceae|g__Dialister|s__Bacteroides_xylanisolvens	0.041120	0.039407	0.046356	0.047751	0.048592	0.045149	0.038358	0.028663	0.040298	0.034611
k__Bacteria|p__Actinobacteriota|c__Actinobacteria|o__Bifidobacteriales|f__Bifidobacteriaceae|g__Bifidobacterium|s__Bifidobacterium_animalis	0.052511	0.055881	0.063888	0.057181	0.056789	0.059372	0.054754	0.043112	0.053989	0.046557
k__Bacteria|p__Actinobacteriota|c__Actinobacteria|o__Bifidobacteriales|f__Bifidobacteriaceae|g__Bifidobacterium|s__Bifidobacterium_bifidum	0.043963	0.042703	0.047081	0.052785	0.049004	0.048224	0.044957	0.033426	0.042480	0.039410
k__Bacteria|p__Actinobacteriota|c__Actinobacteria|o__Bifidobacteriales|f__Bifidobacteriaceae|g__Bifidobacterium|s__Bifidobacterium_breve	0.042572	0.029793	0.034651	0.052365	0.035473	0.039931	0.030913	0.027828	0.036218	0.034808
k__Bacteria|p__Actinobacteriota|c__Actinobacteria|o__Bifidobacteriales|f__Bifidobacteriaceae|g__Bifidobacterium|s__Bifidobacterium_catenulatum	0.060022	0.054919	0.060883	0.065333	0.057595	0.063825	0.053536	0.044467	0.054077	0.054629
k__Bacteria|p__Actinobacteriota|c__Actinobacteria|o__Bifidobacteriales|f__Bifidobacteriaceae|g__Bifidobacterium|s__Bifidobacterium_dentium	0.056924	0.049044	0.058739	0.069856	0.062603	0.065170	0.049098	0.042677	0.056741	0.052361
k__Bacteria|p__Actinobacteriota|c__Actinobacteria|o__Bifidobacteriales|f__Bifidobacteriaceae|g__Bifidobacterium|s__Bifidobacterium_kashiwanohense	0.053385	0.047564	0.054468	0.063413	0.055526	0.055216	0.050155	0.041156	0.051018	0.049835
k__Bacteria|p__Actinobacteriota|c__Actinobacteria|o__Bifidobacteriales|f__Bifidobacteriaceae|g__Bifidobacterium|s__Bifidobacterium_longum	0.092222	0.081459	0.094726	0.091808	0.096764	0.090282	0.082423	0.063916	0.083518	0.077976
k__Bacteria|p__Actinobacteriota|c__Actinobacteria|o__Bifidobacteriales|f__Bifidobacteriaceae|g__Bifidobacterium|s__Bifidobacterium_pseudocatenulatum	0.238703	0.184193	0.188231	0.229123	0.258912	0.196438	0.216494	0.159580	0.209796	0.168432
k__Bacteria|p__Firmicutes|c__Clostridia|o__Lachnospirales|f__Lachnospiraceae|g__Blautia|s__Blautia_hansenii	0.068280	0.049637	0.060285	0.084920	0.060784	0.067919	0.057981	0.054867	0.065590	0.063334
k__Bacteria|p__Firmicutes|c__Clostridia|o__Lachnospirales|f__Lachnospiraceae|g__Blautia|s__Blautia_producta	0.042796	0.041289	0.046879	0.056794	0.048828	0.053674	0.040446	0.035251	0.044480	0.047033
k__Bacteria|p__Proteobacteria|c__Gammaproteobacteria|o__Burkholderiales|f__Sutterellaceae|g__Sutterella|s__Burkholderia_sp.	0.040656	0.028067	0.033329	0.050931	0.040924	0.038309	0.032984	0.026373	0.035159	0.032686
k__Bacteria|p__Firmicutes|c__Clostridia|o__Oscillospirales|f__Butyricicoccaceae|g__Butyricicoccus|s__Butyricicoccus_pullicaecorum	0.074652	0.054374	0.063754	0.083790	0.071069	0.067206	0.057332	0.046814	0.064168	0.056814
k__Bacteria|p__Firmicutes|c__Clostridia|o__Oscillospirales|f__Butyricicoccaceae|g__Butyricicoccus|s__Butyricicoccus_sp.	0.093988	0.077554	0.091148	0.107190	0.090278	0.097957	0.071481	0.064525	0.081983	0.084466
k__Bacteria|p__Firmicutes|c__Clostridia|o__Lachnospirales|f__Lachnospiraceae|g__Anaerosporobacter|s__Caecibacterium_sporoformans	0.065447	0.064892	0.073518	0.070816	0.068964	0.080896	0.069891	0.054382	0.064081	0.061145
k__Bacteria|p__Campilobacterota|c__Campylobacteria|o__Campylobacterales|f__Campylobacteraceae|g__Campylobacter|s__Campylobacter_showae	0.049671	0.044550	0.049477	0.054851	0.046539	0.054140	0.040977	0.035808	0.045685	0.044754
k__Bacteria|p__Firmicutes|c__Clostridia|o__Oscillospirales|f__Ruminococcaceae|g__Incertae_Sedis|s__Carnobacterium_sp.	0.053698	0.042732	0.050024	0.061615	0.050913	0.051824	0.042866	0.036900	0.047461	0.045895
k__Bacteria|p__Firmicutes|c__Clostridia|o__Clostridiales|f__Clostridiaceae|g__Clostridium_sensu_stricto_1|s__Clostridium_tertium	0.057382	0.047796	0.057589	0.069749	0.068126	0.063313	0.054429	0.043310	0.057151	0.052891
k__Bacteria|p__Actinobacteriota|c__Coriobacteriia|o__Coriobacteriales|f__Coriobacteriaceae|g__Collinsella|s__Collinsella_stercoris	0.060519	0.059084	0.065768	0.080714	0.065976	0.074601	0.059765	0.053312	0.061993	0.068987
k__Bacteria|p__Firmicutes|c__Bacilli|o__Erysipelotrichales|f__Erysipelatoclostridiaceae|g__Coprobacillus|s__Coprobacillus_cateniformis	0.078262	0.070856	0.073968	0.081364	0.081749	0.087879	0.076372	0.057802	0.074693	0.072791
k__Bacteria|p__Actinobacteriota|c__Actinobacteria|o__Corynebacteriales|f__Corynebacteriaceae|g__Corynebacterium|s__Corynebacterium_durum	0.084782	0.074834	0.083243	0.082785	0.094249	0.088985	0.090741	0.067645	0.081430	0.076867
k__Bacteria|p__Firmicutes|c__Negativicutes|o__Veillonellales-Selenomonadales|f__Veillonellaceae|g__Dialister|s__Dialister_invisus	0.045009	0.047541	0.057049	0.050752	0.054789	0.059562	0.048851	0.037696	0.048054	0.044572
k__Bacteria|p__Firmicutes|c__Bacilli|o__Lactobacillales|f__Enterococcaceae|g__Enterococcus|s__Enterococcus_asini	0.087945	0.076293	0.085986	0.087929	0.099479	0.087921	0.087507	0.063991	0.081448	0.073770
k__Bacteria|p__Firmicutes|c__Bacilli|o__Lactobacillales|f__Enterococcaceae|g__Enterococcus|s__Enterococcus_dispar	0.099158	0.086836	0.094694	0.107013	0.102393	0.099221	0.089660	0.071839	0.090099	0.088949
k__Bacteria|p__Firmicutes|c__Bacilli|o__Lactobacillales|f__Enterococcaceae|g__Enterococcus|s__Enterococcus_faecalis	0.076475	0.064164	0.074814	0.083867	0.073138	0.092734	0.062383	0.053119	0.066417	0.071438
k__Bacteria|p__Firmicutes|c__Bacilli|o__Lactobacillales|f__Enterococcaceae|g__Enterococcus|s__Enterococcus_hermanniensis	0.068420	0.057326	0.067019	0.081681	0.084875	0.078907	0.070895	0.055110	0.067388	0.062598
k__Bacteria|p__Firmicutes|c__Bacilli|o__Lactobacillales|f__Enterococcaceae|g__Enterococcus|s__Enterococcus_mundtii	0.052191	0.043831	0.048555	0.062348	0.050705	0.053123	0.042273	0.036776	0.048348	0.049509
k__Bacteria|p__Firmicutes|c__Bacilli|o__Lactobacillales|f__Enterococcaceae|g__Enterococcus|s__Enterococcus_raffinosus	0.043447	0.039152	0.046173	0.050264	0.048625	0.047993	0.039783	0.031340	0.041684	0.037394
k__Bacteria|p__Firmicutes|c__Bacilli|o__Lactobacillales|f__Enterococcaceae|g__Enterococcus|s__Enterococcus_thailandicus	0.066144	0.060183	0.065683	0.068743	0.061879	0.069732	0.053729	0.046834	0.062044	0.058062
k__Bacteria|p__Firmicutes|c__Bacilli|o__Erysipelotrichales|f__Erysipelatoclostridiaceae|g__Erysipelatoclostridium|s__Erysipelatoclostridium_ramosum	0.050467	0.036612	0.041481	0.055095	0.049552	0.047296	0.040406	0.032169	0.044816	0.037680
k__Bacteria|p__Firmicutes|c__Clostridia|o__Lachnospirales|f__Lachnospiraceae|g__Agathobacter|s__Eubacterium_ramulus	0.064202	0.050526	0.059650	0.072291	0.058841	0.063336	0.053647	0.044790	0.056783	0.056402
k__Bacteria|p__Firmicutes|c__Clostridia|o__Lachnospirales|f__Lachnospiraceae|g__uncultured|s__Faecalimonas_umbilicata	0.032857	0.025560	0.030408	0.037985	0.030999	0.033281	0.028309	0.022448	0.029791	0.028939
k__Bacteria|p__Firmicutes|c__Clostridia|o__Oscillospirales|f__Oscillospiraceae|g__Flavonifractor|s__Flavonifractor_plautii	0.095215	0.100484	0.115318	0.096633	0.088185	0.105195	0.098984	0.077216	0.086199	0.086292
k__Bacteria|p__Firmicutes|c__Clostridia|o__Lachnospirales|f__Lachnospiraceae|g__Lachnoclostridium|s__Lachnoclostridium_sp.	0.054771	0.061217	0.070025	0.057186	0.070801	0.062723	0.062049	0.048763	0.059949	0.052650
k__Bacteria|p__Firmicutes|c__Clostridia|o__Lachnospirales|f__Lachnospiraceae|g__Eisenbergiella|s__Lachnospiraceae_bacterium	0.062188	0.043995	0.052060	0.070688	0.057227	0.058467	0.047429	0.043191	0.054481	0.057659
k__Bacteria|p__Firmicutes|c__Bacilli|o__Lactobacillales|f__Lactobacillaceae|g__Lactobacillus|s__Lactobacillus_agilis	0.046089	0.042380	0.049726	0.052532	0.048250	0.043341	0.040235	0.031330	0.042508	0.036794
k__Bacteria|p__Firmicutes|c__Bacilli|o__Lactobacillales|f__Lactobacillaceae|g__Lactobacillus|s__Lactobacillus_amylovorus	0.065647	0.069729	0.074071	0.065018	0.071116	0.072129	0.071289	0.053795	0.066127	0.058200
k__Bacteria|p__Firmicutes|c__Bacilli|o__Lactobacillales|f__Lactobacillaceae|g__Lactobacillus|s__Lactobacillus_crispatus	0.043899	0.037550	0.042635	0.046772	0.046156	0.045850	0.038732	0.028931	0.039376	0.037247
k__Bacteria|p__Firmicutes|c__Bacilli|o__Lactobacillales|f__Lactobacillaceae|g__Lactobacillus|s__Lactobacillus_delbrueckii	0.056059	0.048204	0.054148	0.073114	0.050523	0.061062	0.048990	0.047085	0.053557	0.062219
k__Bacteria|p__Firmicutes|c__Bacilli|o__Lactobacillales|f__Lactobacillaceae|g__Lactobacillus|s__Lactobacillus_fermentum	0.043322	0.035298	0.041007	0.049610	0.045299	0.046647	0.037193	0.028806	0.039369	0.037667
k__Bacteria|p__Firmicutes|c__Bacilli|o__Lactobacillales|f__Lactobacillaceae|g__Lactobacillus|s__Lactobacillus_mucosae	0.040029	0.037335	0.044336	0.045244	0.041890	0.042311	0.034358	0.031021	0.038344	0.036370
k__Bacteria|p__Firmicutes|c__Bacilli|o__Lactobacillales|f__Lactobacillaceae|g__Lactobacillus|s__Lactobacillus_oris	0.044933	0.037678	0.043918	0.053786	0.061065	0.047853	0.047234	0.032269	0.045079	0.037476
k__Bacteria|p__Firmicutes|c__Bacilli|o__Lactobacillales|f__Lactobacillaceae|g__Lactobacillus|s__Lactobacillus_paracasei	0.044611	0.036503	0.042748	0.053594	0.052705	0.051314	0.043969	0.032993	0.045879	0.040753
k__Bacteria|p__Firmicutes|c__Bacilli|o__Lactobacillales|f__Lactobacillaceae|g__Lactobacillus|s__Lactobacillus_paragasseri	0.060219	0.051911	0.060873	0.061344	0.061473	0.058169	0.053982	0.041110	0.053080	0.044952
k__Bacteria|p__Firmicutes|c__Bacilli|o__Lactobacillales|f__Lactobacillaceae|g__Lactobacillus|s__Lactobacillus_phage	0.046799	0.040685	0.048081	0.055819	0.050007	0.050994	0.043401	0.035732	0.045197	0.041542
k__Bacteria|p__Firmicutes|c__Bacilli|o__Lactobacillales|f__Lactobacillaceae|g__Lactobacillus|s__Lactobacillus_rhamnosus	0.054864	0.047497	0.053437	0.068036	0.043368	0.062287	0.044154	0.041901	0.053245	0.055541
k__Bacteria|p__Firmicutes|c__Bacilli|o__Lactobacillales|f__Leuconostocaceae|g__Leuconostoc|s__Leuconostoc_garlicum	0.103472	0.081949	0.089625	0.116485	0.095923	0.103376	0.091981	0.077624	0.097859	0.090727
k__Bacteria|p__Firmicutes|c__Bacilli|o__Erysipelotrichales|f__Erysipelatoclostridiaceae|g__Erysipelatoclostridium|s__Massiliomicrobiota_timonensis	0.044874	0.037469	0.043367	0.050056	0.040922	0.047809	0.038295	0.032091	0.040915	0.042020
k__Bacteria|p__Actinobacteriota|c__Actinobacteria|o__Actinomycetales|f__Actinomycetaceae|g__Actinomyces|s__Mycobacterium_tuberculosis	0.038865	0.041589	0.046116	0.041675	0.046008	0.049514	0.043062	0.034527	0.041535	0.039814
k__Bacteria|p__Bacteroidota|c__Bacteroidia|o__Bacteroidales|f__Tannerellaceae|g__Parabacteroides|s__Parabacteroides_johnsonii	0.073497	0.073390	0.081929	0.080814	0.076421	0.087214	0.074228	0.058804	0.071120	0.068839
k__Bacteria|p__Bacteroidota|c__Bacteroidia|o__Bacteroidales|f__Tannerellaceae|g__Parabacteroides|s__Parabacteroides_merdae	0.047569	0.041136	0.045330	0.050439	0.042431	0.047899	0.041599	0.034986	0.045035	0.041701
k__Bacteria|p__Firmicutes|c__Negativicutes|o__Acidaminococcales|f__Acidaminococcaceae|g__Phascolarctobacterium|s__Phascolarctobacterium_faecium	0.071501	0.056877	0.063418	0.078923	0.066961	0.076532	0.064231	0.056621	0.068929	0.069159
k__Bacteria|p__Bacteroidota|c__Bacteroidia|o__Bacteroidales|f__Prevotellaceae|g__Prevotella|s__Prevotella_buccae	0.078964	0.073907	0.081102	0.082217	0.091676	0.076012	0.072655	0.057875	0.075238	0.065498
k__Bacteria|p__Bacteroidota|c__Bacteroidia|o__Bacteroidales|f__Prevotellaceae|g__Prevotella|s__Prevotella_copri	0.065299	0.067687	0.079863	0.067937	0.078341	0.069234	0.068402	0.054087	0.066760	0.056839
k__Bacteria|p__Bacteroidota|c__Bacteroidia|o__Bacteroidales|f__Prevotellaceae|g__Prevotella|s__Prevotella_melaninogenica	0.084400	0.072820	0.082029	0.099610	0.075027	0.077694	0.072524	0.061714	0.074332	0.076494
k__Bacteria|p__Bacteroidota|c__Bacteroidia|o__Bacteroidales|f__Prevotellaceae|g__Prevotella|s__Prevotella_shahii	0.045701	0.038291	0.045249	0.050401	0.053875	0.046643	0.042628	0.029329	0.041329	0.036076
k__Bacteria|p__Firmicutes|c__Clostridia|o__Lachnospirales|f__Lachnospiraceae|g__Roseburia|s__Roseburia_faecis	0.058369	0.044413	0.050075	0.065200	0.047182	0.065706	0.051029	0.042356	0.053649	0.053450
k__Bacteria|p__Firmicutes|c__Clostridia|o__Lachnospirales|f__Lachnospiraceae|g__Roseburia|s__Roseburia_intestinalis	0.049642	0.043791	0.050418	0.059815	0.049127	0.052382	0.043778	0.037141	0.049442	0.045057
k__Bacteria|p__Firmicutes|c__Clostridia|o__Lachnospirales|f__Lachnospiraceae|g__Roseburia|s__Roseburia_inulinivorans	0.034098	0.025337	0.030416	0.037154	0.037477	0.036415	0.031168	0.022669	0.031523	0.026869
k__Bacteria|p__Actinobacteriota|c__Actinobacteria|o__Micrococcales|f__Micrococcaceae|g__Rothia|s__Rothia_dentocariosa	0.085834	0.073075	0.081037	0.092794	0.100676	0.083119	0.074652	0.065179	0.085787	0.069545
k__Bacteria|p__Actinobacteriota|c__Actinobacteria|o__Micrococcales|f__Micrococcaceae|g__Rothia|s__Rothia_mucilaginosa	0.063275	0.054814	0.060489	0.069514	0.056620	0.071203	0.051644	0.047330	0.060860	0.056895
k__Bacteria|p__Firmicutes|c__Clostridia|o__Oscillospirales|f__Ruminococcaceae|g__Ruminococcus|s__Ruminococcus_bicirculans	0.056564	0.041225	0.047999	0.062347	0.053714	0.052787	0.051202	0.041739	0.052671	0.047506
k__Bacteria|p__Firmicutes|c__Clostridia|o__Lachnospirales|f__Lachnospiraceae|g__[Ruminococcus]_torques_group|s__Ruminococcus_faecis	0.069542	0.060310	0.069143	0.073944	0.067932	0.079531	0.061258	0.050177	0.062970	0.061912
k__Bacteria|p__Firmicutes|c__Clostridia|o__Oscillospirales|f__Ruminococcaceae|g__Negativibacillus|s__Ruminococcus_sp.	0.047258	0.033811	0.040598	0.056693	0.043038	0.045841	0.037973	0.032156	0.042303	0.038317
k__Bacteria|p__Actinobacteriota|c__Actinobacteria|o__Actinomycetales|f__Actinomycetaceae|g__Actinomyces|s__Schaalia_odontolytica	0.069589	0.060093	0.066575	0.080295	0.078436	0.084109	0.071245	0.062215	0.073816	0.074254
k__Bacteria|p__Firmicutes|c__Bacilli|o__Staphylococcales|f__Staphylococcaceae|g__Staphylococcus|s__Staphylococcus_simulans	0.074767	0.060501	0.072079	0.082589	0.100160	0.079143	0.072041	0.053049	0.069866	0.057925
k__Bacteria|p__Firmicutes|c__Bacilli|o__Lactobacillales|f__Streptococcaceae|g__Streptococcus|s__Streptococcus_agalactiae	0.106789	0.111190	0.125911	0.109739	0.118663	0.117014	0.114550	0.088697	0.105344	0.095339
k__Bacteria|p__Firmicutes|c__Bacilli|o__Lactobacillales|f__Streptococcaceae|g__Streptococcus|s__Streptococcus_anginosus	0.048811	0.035921	0.038383	0.054614	0.042221	0.045634	0.035703	0.033604	0.042629	0.043108
k__Bacteria|p__Firmicutes|c__Bacilli|o__Lactobacillales|f__Streptococcaceae|g__Streptococcus|s__Streptococcus_infantis	0.059500	0.051292	0.059441	0.070861	0.057677	0.066010	0.056601	0.051330	0.059110	0.060003
k__Bacteria|p__Firmicutes|c__Bacilli|o__Lactobacillales|f__Streptococcaceae|g__Streptococcus|s__Streptococcus_parasanguinis	0.031509	0.022807	0.026640	0.035008	0.029228	0.031446	0.025310	0.020400	0.028696	0.025067
k__Bacteria|p__Firmicutes|c__Bacilli|o__Lactobacillales|f__Streptococcaceae|g__Streptococcus|s__Streptococcus_pasteurianus	0.100686	0.112079	0.125152	0.102006	0.106093	0.117109	0.101140	0.090531	0.107219	0.092323
k__Bacteria|p__Firmicutes|c__Bacilli|o__Lactobacillales|f__Streptococcaceae|g__Streptococcus|s__Streptococcus_vestibularis	0.052924	0.042734	0.050562	0.068157	0.047147	0.056585	0.045029	0.041183	0.049354	0.053108
k__Bacteria|p__Firmicutes|c__Clostridia|o__Lachnospirales|f__Lachnospiraceae|g__Tyzzerella|s__Tyzzerella_sp.	0.063278	0.044119	0.051141	0.074560	0.057467	0.061760	0.051357	0.044003	0.056725	0.057425
k__Bacteria|p__Firmicutes|c__Negativicutes|o__Veillonellales-Selenomonadales|f__Veillonellaceae|g__Veillonella|s__Veillonella_ratti	0.038568	0.033612	0.040432	0.037829	0.035413	0.042488	0.034543	0.025268	0.034944	0.029956
k__Bacteria|p__Firmicutes|c__Bacilli|o__Lactobacillales|f__Leuconostocaceae|g__Weissella|s__Weissella_cibaria	0.087986	0.077561	0.084390	0.093539	0.083395	0.094441	0.082195	0.064526	0.077575	0.075352
k__Bacteria|p__Firmicutes|c__Clostridia|o__Lachnospirales|f__Lachnospiraceae|g__Lachnoclostridium|s__[Clostridium]_bolteae	0.053980	0.035568	0.040809	0.056035	0.053022	0.049116	0.045437	0.031976	0.044952	0.036388
k__Bacteria|p__Firmicutes|c__Clostridia|o__Oscillospirales|f__Ruminococcaceae|g__Incertae_Sedis|s__[Clostridium]_leptum	0.057963	0.038771	0.043814	0.067845	0.052261	0.054723	0.048088	0.042941	0.054924	0.049558
k__Bacteria|p__Firmicutes|c__Bacilli|o__Erysipelotrichales|f__Erysipelatoclostridiaceae|g__Erysipelatoclostridium|s__[Clostridium]_saccharogumia	0.059559	0.052559	0.058968	0.063896	0.051114	0.061490	0.048156	0.043675	0.052269	0.054650
k__Bacteria|p__Firmicutes|c__Clostridia|o__Lachnospirales|f__Lachnospiraceae|g__Lachnoclostridium|s__[Clostridium]_scindens	0.044385	0.034524	0.037471	0.048457	0.043471	0.043192	0.038635	0.029257	0.038564	0.037211
k__Bacteria|p__Firmicutes|c__Bacilli|o__Erysipelotrichales|f__Erysipelatoclostridiaceae|g__Erysipelatoclostridium|s__[Clostridium]_spiroforme	0.043801	0.036297	0.042792	0.046106	0.046485	0.042893	0.041906	0.030986	0.040974	0.034433
k__Bacteria|p__Firmicutes|c__Clostridia|o__Lachnospirales|f__Lachnospiraceae|g__[Eubacterium]_eligens_group|s__[Eubacterium]_eligens	0.088357	0.088163	0.099792	0.101906	0.093838	0.095525	0.093906	0.078413	0.090480	0.085227
k__Bacteria|p__Firmicutes|c__Clostridia|o__Peptostreptococcales-Tissierellales|f__Anaerovoracaceae|g__[Eubacterium]_nodatum_group|s__[Eubacterium]_infirmum	0.068397	0.060689	0.067499	0.082028	0.067523	0.078042	0.059404	0.057091	0.069288	0.069593
k__Bacteria|p__Firmicutes|c__Clostridia|o__Lachnospirales|f__Lachnospiraceae|g__Agathobacter|s__[Eubacterium]_rectale	0.045367	0.041508	0.048301	0.060468	0.052881	0.051372	0.044160	0.038196	0.046740	0.048142
k__Bacteria|p__Firmicutes|c__Clostridia|o__Oscillospirales|f__Ruminococcaceae|g__[Eubacterium]_siraeum_group|s__[Eubacterium]_siraeum	0.140316	0.124357	0.130064	0.152718	0.111962	0.145404	0.128888	0.118712	0.124811	0.139916
k__Bacteria|p__Firmicutes|c__Clostridia|o__Lachnospirales|f__Lachnospiraceae|g__[Ruminococcus]_gnavus_group|s__[Ruminococcus]_gnavus	0.039533	0.039772	0.046768	0.047179	0.037877	0.048437	0.038761	0.034205	0.042308	0.040213
k__Bacteria|p__Firmicutes|c__Bacilli|o__Erysipelotrichales|f__Erysipelatoclostridiaceae|g__Erysipelatoclostridium|s__bacterium_ic1391	0.048948	0.049705	0.058513	0.052606	0.059456	0.057974	0.051321	0.038413	0.051063	0.044064
k__Bacteria|p__Firmicutes|c__Clostridia|o__Oscillospirales|f__Ruminococcaceae|g__Subdoligranulum|s__bacterium_ic1395	0.187140	0.162845	0.168558	0.204178	0.161751	0.194779	0.154907	0.176690	0.195618	0.196647
k__Bacteria|p__Firmicutes|c__Clostridia|o__Oscillospirales|f__Ruminococcaceae|g__Subdoligranulum|s__gut_metagenome	0.056577	0.050209	0.057526	0.066723	0.063099	0.063932	0.056389	0.044697	0.055002	0.057453
k__Bacteria|p__Firmicutes|c__Clostridia|o__Oscillospirales|f__Oscillospiraceae|g__Flavonifractor|s__human_gut	0.124376	0.136560	0.156370	0.130391	0.185982	0.135077	0.134495	0.109002	0.139110	0.109369
k__Bacteria|p__Firmicutes|c__Clostridia|o__Lachnospirales|f__Lachnospiraceae|g__[Ruminococcus]_torques_group|s__metagenome	0.056871	0.043348	0.049889	0.064361	0.057136	0.061568	0.050055	0.043996	0.053743	0.054290
k__Bacteria|p__Firmicutes|c__Clostridia|o__Lachnospirales|f__Lachnospiraceae|g__[Ruminococcus]_gauvreauii_group|s__uncultured_Blautia	0.047021	0.043868	0.048914	0.057948	0.059350	0.055369	0.046551	0.040723	0.050900	0.046088
k__Bacteria|p__Firmicutes|c__Clostridia|o__Lachnospirales|f__Lachnospiraceae|g__Dorea|s__uncultured_Dorea	0.067244	0.052583	0.056939	0.072181	0.053423	0.062493	0.052375	0.043440	0.056671	0.051697
k__Bacteria|p__Firmicutes|c__Clostridia|o__Lachnospirales|f__Lachnospiraceae|g__uncultured|s__uncultured_Eubacterium	0.062017	0.049223	0.052346	0.063363	0.054253	0.056635	0.053603	0.039835	0.053819	0.047768
k__Bacteria|p__Firmicutes|c__Clostridia|o__Lachnospirales|f__Lachnospiraceae|g__[Ruminococcus]_torques_group|s__uncultured_Firmicutes	0.146335	0.104118	0.103742	0.164420	0.111932	0.125891	0.102054	0.107514	0.129116	0.131106
k__Bacteria|p__Firmicutes|c__Clostridia|o__Lachnospirales|f__Lachnospiraceae|g__[Eubacterium]_ventriosum_group|s__uncultured_Lachnospiraceae	0.067150	0.056841	0.066793	0.078772	0.064258	0.079780	0.064891	0.054930	0.066390	0.066504
k__Bacteria|p__Firmicutes|c__Negativicutes|o__Veillonellales-Selenomonadales|f__Veillonellaceae|g__Megasphaera|s__uncultured_Megasphaera	0.080488	0.067164	0.077814	0.087837	0.083946	0.071169	0.071104	0.058149	0.074986	0.064432
k__Bacteria|p__Firmicutes|c__Clostridia|o__Lachnospirales|f__Lachnospiraceae|g__Roseburia|s__uncultured_Roseburia	0.063422	0.044179	0.050985	0.071911	0.059638	0.058562	0.048756	0.040910	0.055662	0.054857
k__Bacteria|p__Firmicutes|c__Clostridia|o__Oscillospirales|f__Ruminococcaceae|g__Faecalibacterium|s__uncultured_Ruminococcaceae	0.040602	0.033674	0.035878	0.047141	0.032226	0.045857	0.034218	0.029381	0.036079	0.039527
k__Bacteria|p__Proteobacteria|c__Gammaproteobacteria|o__Enterobacterales|f__Hafniaceae|g__Edwardsiella|s__uncultured_bacterium	0.091774	0.081892	0.086752	0.090814	0.081473	0.090454	0.080215	0.069859	0.086572	0.077138
k__Bacteria|p__Firmicutes|c__Clostridia|o__Lachnospirales|f__Lachnospiraceae|g__Agathobacter|s__uncultured_marine	0.047062	0.035002	0.041075	0.054138	0.055169	0.045836	0.042765	0.033602	0.045389	0.039814
k__Bacteria|p__Firmicutes|c__Negativicutes|o__Acidaminococcales|f__Acidaminococcaceae|g__Acidaminococcus|s__uncultured_organism	0.047264	0.036115	0.041123	0.052704	0.042270	0.042897	0.039032	0.032079	0.042039	0.039847
k__Bacteria|p__Actinobacteriota|c__Actinobacteria|o__Bifidobacteriales|f__Bifidobacteriaceae|g__Bifidobacterium|s__uncultured_rumen	0.064780	0.054980	0.064289	0.064436	0.077418	0.064965	0.063221	0.041730	0.055700	0.047443
k__Bacteria|p__Firmicutes|c__Clostridia|o__Oscillospirales|f__[Eubacterium]_coprostanoligenes_group|g__[Eubacterium]_coprostanoligenes_group|s__unidentified	0.051418	0.047391	0.056548	0.055530	0.065213	0.058070	0.048246	0.037947	0.050463	0.044752
